experiment_name,payload_file,instance_type,concurrency,count
llama2-70b-chat-p4d.24xlarge-djl-inference-0.26.0-tensorrtllm0.7.1-cu122,payload_en_3000-4000.jsonl,ml.p4d.24xlarge,1,57
llama2-70b-g5.48xlarge-huggingface-pytorch-tgi-inference-2.0.1-tgi1.1.0,payload_en_3000-4000.jsonl,ml.g5.48xlarge,1,57
llama2-70b-g5.48xlarge-huggingface-pytorch-tgi-inference-2.0.1-tgi1.1.0,payload_en_2000-3000.jsonl,ml.g5.48xlarge,1,32
llama2-70b-chat-p4d.24xlarge-djl-inference-0.26.0-tensorrtllm0.7.1-cu122,payload_en_2000-3000.jsonl,ml.p4d.24xlarge,1,32
llama2-70b-chat-p4d.24xlarge-djl-inference-0.26.0-tensorrtllm0.7.1-cu122,payload_en_3000-4000.jsonl,ml.p4d.24xlarge,2,29
llama2-70b-g5.48xlarge-huggingface-pytorch-tgi-inference-2.0.1-tgi1.1.0,payload_en_3000-4000.jsonl,ml.g5.48xlarge,2,29
llama2-70b-g5.48xlarge-huggingface-pytorch-tgi-inference-2.0.1-tgi1.1.0,payload_en_2000-3000.jsonl,ml.g5.48xlarge,2,16
llama2-70b-chat-p4d.24xlarge-djl-inference-0.26.0-tensorrtllm0.7.1-cu122,payload_en_2000-3000.jsonl,ml.p4d.24xlarge,2,16
llama2-70b-chat-p4d.24xlarge-djl-inference-0.26.0-tensorrtllm0.7.1-cu122,payload_en_1000-2000.jsonl,ml.p4d.24xlarge,1,15
llama2-70b-chat-p4d.24xlarge-djl-inference-0.26.0-tensorrtllm0.7.1-cu122,payload_en_3000-4000.jsonl,ml.p4d.24xlarge,4,15
llama2-70b-g5.48xlarge-huggingface-pytorch-tgi-inference-2.0.1-tgi1.1.0,payload_en_3000-4000.jsonl,ml.g5.48xlarge,4,15
llama2-70b-g5.48xlarge-huggingface-pytorch-tgi-inference-2.0.1-tgi1.1.0,payload_en_1000-2000.jsonl,ml.g5.48xlarge,1,15
llama2-70b-chat-p4d.24xlarge-djl-inference-0.26.0-tensorrtllm0.7.1-cu122,payload_en_3000-4000.jsonl,ml.p4d.24xlarge,6,10
llama2-70b-g5.48xlarge-huggingface-pytorch-tgi-inference-2.0.1-tgi1.1.0,payload_en_3000-4000.jsonl,ml.g5.48xlarge,6,10
llama2-70b-chat-p4d.24xlarge-djl-inference-0.26.0-tensorrtllm0.7.1-cu122,payload_en_2000-3000.jsonl,ml.p4d.24xlarge,4,8
llama2-70b-chat-p4d.24xlarge-djl-inference-0.26.0-tensorrtllm0.7.1-cu122,payload_en_1000-2000.jsonl,ml.p4d.24xlarge,2,8
llama2-70b-g5.48xlarge-huggingface-pytorch-tgi-inference-2.0.1-tgi1.1.0,payload_en_2000-3000.jsonl,ml.g5.48xlarge,4,8
llama2-70b-g5.48xlarge-huggingface-pytorch-tgi-inference-2.0.1-tgi1.1.0,payload_en_3000-4000.jsonl,ml.g5.48xlarge,8,8
llama2-70b-g5.48xlarge-huggingface-pytorch-tgi-inference-2.0.1-tgi1.1.0,payload_en_1000-2000.jsonl,ml.g5.48xlarge,2,8
llama2-70b-chat-p4d.24xlarge-djl-inference-0.26.0-tensorrtllm0.7.1-cu122,payload_en_3000-4000.jsonl,ml.p4d.24xlarge,8,8
llama2-70b-g5.48xlarge-huggingface-pytorch-tgi-inference-2.0.1-tgi1.1.0,payload_en_2000-3000.jsonl,ml.g5.48xlarge,6,6
llama2-70b-chat-p4d.24xlarge-djl-inference-0.26.0-tensorrtllm0.7.1-cu122,payload_en_2000-3000.jsonl,ml.p4d.24xlarge,6,6
llama2-70b-chat-p4d.24xlarge-djl-inference-0.26.0-tensorrtllm0.7.1-cu122,payload_en_1000-2000.jsonl,ml.p4d.24xlarge,4,4
llama2-70b-g5.48xlarge-huggingface-pytorch-tgi-inference-2.0.1-tgi1.1.0,payload_en_1000-2000.jsonl,ml.g5.48xlarge,4,4
llama2-70b-g5.48xlarge-huggingface-pytorch-tgi-inference-2.0.1-tgi1.1.0,payload_en_2000-3000.jsonl,ml.g5.48xlarge,8,4
llama2-70b-chat-p4d.24xlarge-djl-inference-0.26.0-tensorrtllm0.7.1-cu122,payload_en_2000-3000.jsonl,ml.p4d.24xlarge,8,4
llama2-70b-chat-p4d.24xlarge-djl-inference-0.26.0-tensorrtllm0.7.1-cu122,payload_en_1000-2000.jsonl,ml.p4d.24xlarge,6,3
llama2-70b-g5.48xlarge-huggingface-pytorch-tgi-inference-2.0.1-tgi1.1.0,payload_en_1000-2000.jsonl,ml.g5.48xlarge,6,3
llama2-70b-g5.48xlarge-huggingface-pytorch-tgi-inference-2.0.1-tgi1.1.0,payload_en_1000-2000.jsonl,ml.g5.48xlarge,8,2
llama2-70b-chat-p4d.24xlarge-djl-inference-0.26.0-tensorrtllm0.7.1-cu122,payload_en_1000-2000.jsonl,ml.p4d.24xlarge,8,2
llama2-70b-chat-p4d.24xlarge-djl-inference-0.26.0-tensorrtllm0.7.1-cu122,payload_en_1-500.jsonl,ml.p4d.24xlarge,1,1
llama2-70b-chat-p4d.24xlarge-djl-inference-0.26.0-tensorrtllm0.7.1-cu122,payload_en_1-500.jsonl,ml.p4d.24xlarge,8,1
llama2-70b-chat-p4d.24xlarge-djl-inference-0.26.0-tensorrtllm0.7.1-cu122,payload_en_1-500.jsonl,ml.p4d.24xlarge,6,1
llama2-70b-chat-p4d.24xlarge-djl-inference-0.26.0-tensorrtllm0.7.1-cu122,payload_en_1-500.jsonl,ml.p4d.24xlarge,2,1
llama2-70b-chat-p4d.24xlarge-djl-inference-0.26.0-tensorrtllm0.7.1-cu122,payload_en_1-500.jsonl,ml.p4d.24xlarge,4,1
llama2-70b-g5.48xlarge-huggingface-pytorch-tgi-inference-2.0.1-tgi1.1.0,payload_en_1-500.jsonl,ml.g5.48xlarge,4,1
llama2-70b-g5.48xlarge-huggingface-pytorch-tgi-inference-2.0.1-tgi1.1.0,payload_en_1-500.jsonl,ml.g5.48xlarge,2,1
llama2-70b-g5.48xlarge-huggingface-pytorch-tgi-inference-2.0.1-tgi1.1.0,payload_en_1-500.jsonl,ml.g5.48xlarge,8,1
llama2-70b-chat-p4d.24xlarge-djl-inference-0.26.0-tensorrtllm0.7.1-cu122,payload_en_500-1000.jsonl,ml.p4d.24xlarge,4,1
llama2-70b-chat-p4d.24xlarge-djl-inference-0.26.0-tensorrtllm0.7.1-cu122,payload_en_500-1000.jsonl,ml.p4d.24xlarge,6,1
llama2-70b-chat-p4d.24xlarge-djl-inference-0.26.0-tensorrtllm0.7.1-cu122,payload_en_500-1000.jsonl,ml.p4d.24xlarge,8,1
llama2-70b-g5.48xlarge-huggingface-pytorch-tgi-inference-2.0.1-tgi1.1.0,payload_en_1-500.jsonl,ml.g5.48xlarge,1,1
llama2-70b-chat-p4d.24xlarge-djl-inference-0.26.0-tensorrtllm0.7.1-cu122,payload_en_500-1000.jsonl,ml.p4d.24xlarge,2,1
llama2-70b-chat-p4d.24xlarge-djl-inference-0.26.0-tensorrtllm0.7.1-cu122,payload_en_500-1000.jsonl,ml.p4d.24xlarge,1,1
llama2-70b-g5.48xlarge-huggingface-pytorch-tgi-inference-2.0.1-tgi1.1.0,payload_en_1-500.jsonl,ml.g5.48xlarge,6,1
llama2-70b-g5.48xlarge-huggingface-pytorch-tgi-inference-2.0.1-tgi1.1.0,payload_en_500-1000.jsonl,ml.g5.48xlarge,1,1
llama2-70b-g5.48xlarge-huggingface-pytorch-tgi-inference-2.0.1-tgi1.1.0,payload_en_500-1000.jsonl,ml.g5.48xlarge,2,1
llama2-70b-g5.48xlarge-huggingface-pytorch-tgi-inference-2.0.1-tgi1.1.0,payload_en_500-1000.jsonl,ml.g5.48xlarge,4,1
llama2-70b-g5.48xlarge-huggingface-pytorch-tgi-inference-2.0.1-tgi1.1.0,payload_en_500-1000.jsonl,ml.g5.48xlarge,6,1
llama2-70b-g5.48xlarge-huggingface-pytorch-tgi-inference-2.0.1-tgi1.1.0,payload_en_500-1000.jsonl,ml.g5.48xlarge,8,1
