experiment_name,payload_file,instance_type,concurrency,error_rate
llama2-13b-g5.12xlarge-huggingface-pytorch-tgi-inference-2.0.1-tgi1.1.0,payload_en_1-500.jsonl,ml.g5.12xlarge,1,0.0
llama2-13b-g5.12xlarge-huggingface-pytorch-tgi-inference-2.0.1-tgi1.1.0,payload_en_1000-2000.jsonl,ml.g5.12xlarge,1,0.0
llama2-13b-g5.12xlarge-huggingface-pytorch-tgi-inference-2.0.1-tgi1.1.0,payload_en_1000-2000.jsonl,ml.g5.12xlarge,2,0.0
llama2-13b-g5.12xlarge-huggingface-pytorch-tgi-inference-2.0.1-tgi1.1.0,payload_en_1000-2000.jsonl,ml.g5.12xlarge,4,0.0
llama2-13b-g5.12xlarge-huggingface-pytorch-tgi-inference-2.0.1-tgi1.1.0,payload_en_2000-3000.jsonl,ml.g5.12xlarge,1,0.0
llama2-13b-g5.12xlarge-huggingface-pytorch-tgi-inference-2.0.1-tgi1.1.0,payload_en_2000-3000.jsonl,ml.g5.12xlarge,2,0.0
llama2-13b-g5.12xlarge-huggingface-pytorch-tgi-inference-2.0.1-tgi1.1.0,payload_en_2000-3000.jsonl,ml.g5.12xlarge,4,0.0
llama2-13b-g5.12xlarge-huggingface-pytorch-tgi-inference-2.0.1-tgi1.1.0,payload_en_3000-4000.jsonl,ml.g5.12xlarge,1,0.0
llama2-13b-g5.12xlarge-huggingface-pytorch-tgi-inference-2.0.1-tgi1.1.0,payload_en_3000-4000.jsonl,ml.g5.12xlarge,2,0.0
llama2-13b-g5.12xlarge-huggingface-pytorch-tgi-inference-2.0.1-tgi1.1.0,payload_en_3000-4000.jsonl,ml.g5.12xlarge,4,0.0
llama2-13b-g5.12xlarge-huggingface-pytorch-tgi-inference-2.0.1-tgi1.1.0,payload_en_500-1000.jsonl,ml.g5.12xlarge,1,0.0
llama2-13b-g5.24xlarge-huggingface-pytorch-tgi-inference-2.0.1-tgi1.1.0,payload_en_1-500.jsonl,ml.g5.24xlarge,1,0.0
llama2-13b-g5.24xlarge-huggingface-pytorch-tgi-inference-2.0.1-tgi1.1.0,payload_en_1000-2000.jsonl,ml.g5.24xlarge,1,0.0
llama2-13b-g5.24xlarge-huggingface-pytorch-tgi-inference-2.0.1-tgi1.1.0,payload_en_1000-2000.jsonl,ml.g5.24xlarge,2,0.0
llama2-13b-g5.24xlarge-huggingface-pytorch-tgi-inference-2.0.1-tgi1.1.0,payload_en_1000-2000.jsonl,ml.g5.24xlarge,4,0.0
llama2-13b-g5.24xlarge-huggingface-pytorch-tgi-inference-2.0.1-tgi1.1.0,payload_en_2000-3000.jsonl,ml.g5.24xlarge,1,0.0
llama2-13b-g5.24xlarge-huggingface-pytorch-tgi-inference-2.0.1-tgi1.1.0,payload_en_2000-3000.jsonl,ml.g5.24xlarge,2,0.0
llama2-13b-g5.24xlarge-huggingface-pytorch-tgi-inference-2.0.1-tgi1.1.0,payload_en_2000-3000.jsonl,ml.g5.24xlarge,4,0.0
llama2-13b-g5.24xlarge-huggingface-pytorch-tgi-inference-2.0.1-tgi1.1.0,payload_en_3000-4000.jsonl,ml.g5.24xlarge,1,0.0
llama2-13b-g5.24xlarge-huggingface-pytorch-tgi-inference-2.0.1-tgi1.1.0,payload_en_3000-4000.jsonl,ml.g5.24xlarge,2,0.0
llama2-13b-g5.24xlarge-huggingface-pytorch-tgi-inference-2.0.1-tgi1.1.0,payload_en_3000-4000.jsonl,ml.g5.24xlarge,4,0.0
llama2-13b-g5.24xlarge-huggingface-pytorch-tgi-inference-2.0.1-tgi1.1.0,payload_en_500-1000.jsonl,ml.g5.24xlarge,1,0.0
llama2-13b-g5.48xlarge-huggingface-pytorch-tgi-inference-2.0.1-tgi1.1.0,payload_en_1-500.jsonl,ml.g5.48xlarge,1,0.0
llama2-13b-g5.48xlarge-huggingface-pytorch-tgi-inference-2.0.1-tgi1.1.0,payload_en_1000-2000.jsonl,ml.g5.48xlarge,1,0.0
llama2-13b-g5.48xlarge-huggingface-pytorch-tgi-inference-2.0.1-tgi1.1.0,payload_en_1000-2000.jsonl,ml.g5.48xlarge,2,0.0
llama2-13b-g5.48xlarge-huggingface-pytorch-tgi-inference-2.0.1-tgi1.1.0,payload_en_1000-2000.jsonl,ml.g5.48xlarge,4,0.0
llama2-13b-g5.48xlarge-huggingface-pytorch-tgi-inference-2.0.1-tgi1.1.0,payload_en_2000-3000.jsonl,ml.g5.48xlarge,1,0.0
llama2-13b-g5.48xlarge-huggingface-pytorch-tgi-inference-2.0.1-tgi1.1.0,payload_en_2000-3000.jsonl,ml.g5.48xlarge,2,0.0
llama2-13b-g5.48xlarge-huggingface-pytorch-tgi-inference-2.0.1-tgi1.1.0,payload_en_2000-3000.jsonl,ml.g5.48xlarge,4,0.0
llama2-13b-g5.48xlarge-huggingface-pytorch-tgi-inference-2.0.1-tgi1.1.0,payload_en_3000-4000.jsonl,ml.g5.48xlarge,1,0.0
llama2-13b-g5.48xlarge-huggingface-pytorch-tgi-inference-2.0.1-tgi1.1.0,payload_en_3000-4000.jsonl,ml.g5.48xlarge,2,0.0
llama2-13b-g5.48xlarge-huggingface-pytorch-tgi-inference-2.0.1-tgi1.1.0,payload_en_3000-4000.jsonl,ml.g5.48xlarge,4,0.0
llama2-13b-g5.48xlarge-huggingface-pytorch-tgi-inference-2.0.1-tgi1.1.0,payload_en_500-1000.jsonl,ml.g5.48xlarge,1,0.0
llama2-13b-inf2.24xlarge-djl-0.24.0-neuronx-sdk-2.14.1-bs=4-tpd=12,payload_en_1-500.jsonl,ml.inf2.24xlarge,1,0.0
llama2-13b-inf2.24xlarge-djl-0.24.0-neuronx-sdk-2.14.1-bs=4-tpd=12,payload_en_1000-2000.jsonl,ml.inf2.24xlarge,1,0.0
llama2-13b-inf2.24xlarge-djl-0.24.0-neuronx-sdk-2.14.1-bs=4-tpd=12,payload_en_1000-2000.jsonl,ml.inf2.24xlarge,2,0.0
llama2-13b-inf2.24xlarge-djl-0.24.0-neuronx-sdk-2.14.1-bs=4-tpd=12,payload_en_1000-2000.jsonl,ml.inf2.24xlarge,4,0.0
llama2-13b-inf2.24xlarge-djl-0.24.0-neuronx-sdk-2.14.1-bs=4-tpd=12,payload_en_2000-3000.jsonl,ml.inf2.24xlarge,1,0.0
llama2-13b-inf2.24xlarge-djl-0.24.0-neuronx-sdk-2.14.1-bs=4-tpd=12,payload_en_2000-3000.jsonl,ml.inf2.24xlarge,2,0.0
llama2-13b-inf2.24xlarge-djl-0.24.0-neuronx-sdk-2.14.1-bs=4-tpd=12,payload_en_2000-3000.jsonl,ml.inf2.24xlarge,4,0.0
llama2-13b-inf2.24xlarge-djl-0.24.0-neuronx-sdk-2.14.1-bs=4-tpd=12,payload_en_500-1000.jsonl,ml.inf2.24xlarge,1,0.0
llama2-13b-inf2.48xlarge-djl-0.24.0-neuronx-sdk-2.14.1-bs=4-tpd=24,payload_en_1-500.jsonl,ml.inf2.48xlarge,1,0.0
llama2-13b-inf2.48xlarge-djl-0.24.0-neuronx-sdk-2.14.1-bs=4-tpd=24,payload_en_1000-2000.jsonl,ml.inf2.48xlarge,1,0.0
llama2-13b-inf2.48xlarge-djl-0.24.0-neuronx-sdk-2.14.1-bs=4-tpd=24,payload_en_1000-2000.jsonl,ml.inf2.48xlarge,2,0.0
llama2-13b-inf2.48xlarge-djl-0.24.0-neuronx-sdk-2.14.1-bs=4-tpd=24,payload_en_1000-2000.jsonl,ml.inf2.48xlarge,4,0.0
llama2-13b-inf2.48xlarge-djl-0.24.0-neuronx-sdk-2.14.1-bs=4-tpd=24,payload_en_2000-3000.jsonl,ml.inf2.48xlarge,1,0.0
llama2-13b-inf2.48xlarge-djl-0.24.0-neuronx-sdk-2.14.1-bs=4-tpd=24,payload_en_2000-3000.jsonl,ml.inf2.48xlarge,2,0.0
llama2-13b-inf2.48xlarge-djl-0.24.0-neuronx-sdk-2.14.1-bs=4-tpd=24,payload_en_2000-3000.jsonl,ml.inf2.48xlarge,4,0.0
llama2-13b-inf2.48xlarge-djl-0.24.0-neuronx-sdk-2.14.1-bs=4-tpd=24,payload_en_3000-4000.jsonl,ml.inf2.48xlarge,1,0.0
llama2-13b-inf2.48xlarge-djl-0.24.0-neuronx-sdk-2.14.1-bs=4-tpd=24,payload_en_3000-4000.jsonl,ml.inf2.48xlarge,2,0.23
llama2-13b-inf2.48xlarge-djl-0.24.0-neuronx-sdk-2.14.1-bs=4-tpd=24,payload_en_3000-4000.jsonl,ml.inf2.48xlarge,4,0.82
llama2-13b-inf2.48xlarge-djl-0.24.0-neuronx-sdk-2.14.1-bs=4-tpd=24,payload_en_500-1000.jsonl,ml.inf2.48xlarge,1,0.0
llama2-70b-chat-p4d.24xlarge-tgi-inference-2.0.1-tgi0.9.3-gpu-py39-cu118,payload_en_1-500.jsonl,ml.p4d.24xlarge,1,0.0
llama2-70b-chat-p4d.24xlarge-tgi-inference-2.0.1-tgi0.9.3-gpu-py39-cu118,payload_en_1000-2000.jsonl,ml.p4d.24xlarge,1,0.0
llama2-70b-chat-p4d.24xlarge-tgi-inference-2.0.1-tgi0.9.3-gpu-py39-cu118,payload_en_1000-2000.jsonl,ml.p4d.24xlarge,2,0.0
llama2-70b-chat-p4d.24xlarge-tgi-inference-2.0.1-tgi0.9.3-gpu-py39-cu118,payload_en_1000-2000.jsonl,ml.p4d.24xlarge,4,0.0
llama2-70b-chat-p4d.24xlarge-tgi-inference-2.0.1-tgi0.9.3-gpu-py39-cu118,payload_en_2000-3000.jsonl,ml.p4d.24xlarge,1,0.0
llama2-70b-chat-p4d.24xlarge-tgi-inference-2.0.1-tgi0.9.3-gpu-py39-cu118,payload_en_2000-3000.jsonl,ml.p4d.24xlarge,2,0.0
llama2-70b-chat-p4d.24xlarge-tgi-inference-2.0.1-tgi0.9.3-gpu-py39-cu118,payload_en_2000-3000.jsonl,ml.p4d.24xlarge,4,0.0
llama2-70b-chat-p4d.24xlarge-tgi-inference-2.0.1-tgi0.9.3-gpu-py39-cu118,payload_en_3000-4000.jsonl,ml.p4d.24xlarge,1,0.0
llama2-70b-chat-p4d.24xlarge-tgi-inference-2.0.1-tgi0.9.3-gpu-py39-cu118,payload_en_3000-4000.jsonl,ml.p4d.24xlarge,2,0.0
llama2-70b-chat-p4d.24xlarge-tgi-inference-2.0.1-tgi0.9.3-gpu-py39-cu118,payload_en_3000-4000.jsonl,ml.p4d.24xlarge,4,0.0
llama2-70b-chat-p4d.24xlarge-tgi-inference-2.0.1-tgi0.9.3-gpu-py39-cu118,payload_en_500-1000.jsonl,ml.p4d.24xlarge,1,0.0
